Time,C0J0003左一轴1,C0J0003左惰轮1,C0J0003左一轴2,C0J0003左二轴(前),C0J0003左二轴(后),C0J0003左惰轮2,C0J0003左惰轮3,C0J0003左中心齿轮,C0J0003左行星头,C0J0003左壳体
2024/12/14 09:03:15.623,16.9,16.7,13.6,13.5,15.8,14.2,12.9,16.8,16.3,841.5
2024/12/14 09:03:45.618,17.5,17.3,13.8,13.7,16.4,14.5,13,17.4,16.3,841.5
2024/12/14 09:04:16.819,18.2,18,14.2,14,17,14.8,13,18.1,16.3,841.5
2024/12/14 09:04:46.822,18.8,18.7,14.6,14.2,17.5,15.1,13.1,18.8,16.3,841.5
2024/12/14 09:05:17.422,19.4,19.4,14.9,14.5,18.1,15.5,13.1,19.6,16.4,841.5
2024/12/14 09:05:47.423,20,20,15.3,14.8,18.6,15.8,13.2,20.4,16.4,841.5
2024/12/14 09:06:17.418,20.6,20.6,15.7,15.1,19.1,16.1,13.3,21.1,16.5,841.5
2024/12/14 09:06:47.422,21,21.1,16,15.4,19.6,16.5,13.4,21.6,16.5,841.5
2024/12/14 09:07:17.419,21.3,21.5,16.5,15.8,20,16.8,13.5,22,16.5,841.5
2024/12/14 09:07:47.423,21.4,21.6,16.8,16.1,20.2,17.1,13.6,22,16.6,841.5
2024/12/14 09:08:17.820,21.5,21.7,17.1,16.4,20.3,17.3,13.6,22,16.6,841.5
2024/12/14 09:08:47.823,21.5,21.8,17.5,16.7,20.5,17.6,13.7,22,16.6,841.5
2024/12/14 09:09:17.818,21.4,21.6,17.7,17,20.5,17.8,13.7,21.9,16.6,841.5
2024/12/14 09:09:47.818,21.3,21.6,18,17.3,20.6,18,13.8,21.6,16.5,841.5
2024/12/14 09:10:17.823,21.3,21.5,18.1,17.5,20.6,18.1,13.8,21.3,16.5,841.5
2024/12/14 09:10:47.823,21.1,21.3,18.2,17.7,20.5,18.2,13.8,21,16.5,841.5
2024/12/14 09:11:18.223,21,21.3,18.4,17.9,20.5,18.3,13.8,20.8,16.5,841.5
2024/12/14 09:11:48.223,20.9,21.1,18.2,17.8,20.4,18.2,13.9,20.6,16.5,841.5
2024/12/14 09:12:18.223,20.8,21.1,17.2,16.8,19.8,16.6,13.8,20.5,16.5,841.5
2024/12/14 09:12:48.217,20.7,21,16.6,16.3,19.5,16.2,13.8,20.4,16.5,841.5
2024/12/14 09:13:18.227,20.6,21,16.1,16,19.4,15.9,13.7,20.3,16.5,841.5
2024/12/14 09:13:48.222,20.5,20.9,15.7,15.8,19.2,15.6,13.7,20,16.5,841.5
2024/12/14 09:14:18.626,20.4,20.9,15.4,15.5,19.1,15.4,13.8,19.8,16.5,841.5
2024/12/14 09:14:48.623,20.3,20.8,15.2,15.4,19,15.3,13.8,19.8,16.5,841.5
2024/12/14 09:15:18.618,20.2,20.8,15,15.3,18.9,15.1,13.8,19.8,16.6,841.5
2024/12/14 09:15:48.623,20.1,20.7,14.8,15.2,18.8,15,13.9,19.8,16.6,841.5
2024/12/14 09:16:18.618,20,20.7,14.7,15.1,18.8,15,13.9,19.6,16.7,841.5
2024/12/14 09:16:48.619,20,20.6,14.6,15,18.8,14.8,14,19.5,16.8,841.5
2024/12/14 09:17:19.218,19.8,20.6,14.5,15,18.7,14.8,14,19.3,16.8,841.5
2024/12/14 09:17:49.223,19.7,20.6,14.4,15,18.6,14.8,14,19.1,16.8,841.5
2024/12/14 09:18:19.219,19.7,20.5,14.3,14.9,18.6,14.7,14,19.1,16.8,841.5
2024/12/14 09:18:49.217,19.6,20.5,14.3,14.8,18.6,14.7,14.1,19.1,16.8,841.5
2024/12/14 09:19:19.217,19.5,20.4,14.2,14.8,18.5,14.7,14.1,19,16.8,841.5
2024/12/14 09:19:49.222,19.5,20.3,14.2,14.8,18.5,14.6,14.1,19,16.9,841.5
2024/12/14 09:20:19.619,19.4,20.3,14.2,14.8,18.5,14.6,14.1,19,16.9,841.5
2024/12/14 09:20:49.623,19.3,20.3,14.1,14.8,18.5,14.6,14.1,18.9,17,841.5
2024/12/14 09:21:19.623,19.3,20.2,14.1,14.8,18.5,14.6,14.1,18.9,17,841.5
2024/12/14 09:21:49.624,19.2,20.2,14.1,14.8,18.5,14.6,14.2,18.8,17,841.5
2024/12/14 09:22:19.623,19.1,20.1,14.1,14.8,18.5,14.6,14.2,18.8,17.1,841.5
2024/12/14 09:22:49.616,19.1,20.1,14.1,14.8,18.4,14.6,14.2,18.6,17.1,841.5
2024/12/14 09:23:20.224,19.1,20.1,14.1,14.8,18.4,14.6,14.2,18.5,17.1,841.5
2024/12/14 09:23:50.223,19,20,14,14.8,18.3,14.6,14.2,18.4,17.1,841.5
2024/12/14 09:24:20.223,19,20,14.1,14.8,18.3,14.6,14.2,18.3,17.1,841.5
2024/12/14 09:24:50.223,19,20,14,14.8,18.2,14.6,14.3,18.2,17.1,841.5
2024/12/14 09:25:20.223,18.9,20,14.1,14.8,18.1,14.6,14.3,18.2,17.1,841.5
2024/12/14 09:26:10.223,18.8,19.8,14.1,14.9,18.1,14.6,14.3,18.1,17.2,841.5
2024/12/14 09:28:57.418,20.6,21.4,19.3,18,20.6,17.3,14.7,19.4,17.3,841.5
2024/12/14 09:29:27.418,21.1,22,19.8,18.3,21,17.6,14.8,19.9,17.3,841.5
2024/12/14 09:29:57.423,21.6,22.5,20.3,18.6,21.5,18,14.8,20.5,17.3,841.5
2024/12/14 09:30:27.482,22.1,23,20.7,19,21.9,18.3,14.9,21.1,17.3,841.5
2024/12/14 09:31:04.623,22.6,23.5,21,19.3,22.5,18.5,14.9,21.1,17.3,841.5
2024/12/14 09:32:05.023,23.5,24.1,21.3,19.7,23.2,19,14.9,21.5,17.3,841.5
2024/12/14 09:32:35.024,23.8,24.5,21.5,20,23.6,19.1,14.9,21.8,17.2,841.5
2024/12/14 09:33:05.026,24.2,24.8,21.8,20.1,24,19.3,15,22.3,17.2,841.5
2024/12/14 09:33:35.023,24.6,25.2,22.1,20.3,24.4,19.5,15,22.8,17.2,841.5
2024/12/14 09:34:05.023,25,25.6,22.4,20.6,24.8,19.7,15,23.1,17.3,841.5
2024/12/14 09:34:35.018,25.4,26,22.7,20.9,25.3,20,15.1,23.6,17.3,841.5
2024/12/14 09:35:05.623,25.8,26.4,23,21.2,25.7,20.1,15.1,24.1,17.3,841.5
2024/12/14 09:35:35.624,26.1,26.8,23.3,21.5,26.1,20.3,15.3,24.3,17.3,841.5
2024/12/14 09:36:05.623,26.5,27.1,23.7,21.7,26.5,20.6,15.4,24.7,17.3,841.5
2024/12/14 09:36:35.623,26.8,27.6,24,22,26.9,20.8,15.5,25.1,17.3,841.5
2024/12/14 09:37:05.617,27.1,28,24.3,22.3,27.3,21.1,15.6,25.4,17.3,841.5
2024/12/14 09:37:35.623,27.5,28.3,24.6,22.6,27.6,21.3,15.7,25.8,17.3,841.5
2024/12/14 09:38:06.224,27.8,28.6,25.1,22.9,28,21.5,15.8,26.2,17.3,841.5
2024/12/14 09:38:36.223,28.2,29,25.4,23.1,28.3,21.8,16,26.6,17.4,841.5
2024/12/14 09:39:06.224,28.5,29.3,25.8,23.5,28.6,22,16.1,27,17.5,841.5
2024/12/14 09:39:36.220,28.8,29.6,26.1,23.8,29,22.3,16.2,27.1,17.5,841.5
2024/12/14 09:40:06.226,29.1,29.9,26.4,24.1,29.3,22.5,16.4,27.3,17.5,841.5
2024/12/14 09:40:36.217,29.4,30.2,26.7,24.4,29.6,22.8,16.5,27.5,17.5,841.5
2024/12/14 09:41:06.823,29.6,30.5,27,24.7,29.9,23,16.6,27.7,17.6,841.5
2024/12/14 09:41:36.818,29.9,30.8,27.4,25,30.2,23.3,16.8,28,17.6,841.5
2024/12/14 09:42:06.823,30.1,31,27.6,25.3,30.5,23.5,16.9,28.1,17.7,841.5
2024/12/14 09:42:36.819,30.4,31.1,28,25.7,30.6,23.8,17,28.3,17.8,841.5
2024/12/14 09:43:06.819,30.5,31.3,28.3,26,30.8,24,17.1,28.4,18,841.5
2024/12/14 09:43:36.819,30.8,31.5,28.7,26.4,31,24.3,17.2,28.6,18.1,841.5
2024/12/14 09:44:07.423,31,31.6,29,26.7,31.1,24.6,17.3,28.8,18.2,841.5
2024/12/14 09:44:37.419,31.1,31.9,29.3,27,31.3,24.8,17.5,28.8,18.3,841.5
2024/12/14 09:45:07.417,31.4,32.1,29.6,27.3,31.5,25,17.6,29,18.5,841.5
2024/12/14 09:45:37.423,31.6,32.4,29.9,27.6,31.8,25.3,17.8,29.1,18.6,841.5
2024/12/14 09:46:07.423,31.8,32.6,30.1,28,32,25.5,17.9,29.4,18.6,841.5
2024/12/14 09:46:37.423,32,32.8,30.5,28.2,32.3,25.8,18.1,29.6,18.8,841.5
2024/12/14 09:47:07.823,32.1,32.9,30.8,28.5,32.5,26.1,18.3,29.7,18.9,841.5
2024/12/14 09:47:37.823,32.3,33.1,31.1,28.8,32.7,26.3,18.4,29.8,19,841.5
2024/12/14 09:48:07.823,32.5,33.3,31.3,29.1,32.9,26.5,18.5,29.8,19.1,841.5
2024/12/14 09:48:37.823,32.7,33.5,31.6,29.3,33.1,26.8,18.7,30,19.1,841.5
2024/12/14 09:49:07.823,32.9,33.7,31.8,29.6,33.3,27,18.9,30.2,19.3,841.5
2024/12/14 09:49:37.820,33,33.8,32.1,29.8,33.6,27.2,19.1,30.1,19.3,841.5
2024/12/14 09:50:08.223,33.2,34,32.3,30.1,33.8,27.5,19.3,30.2,19.4,841.5
2024/12/14 09:50:38.224,33.4,34.2,32.5,30.2,34.1,27.6,19.4,30.3,19.4,841.5
2024/12/14 09:51:08.224,33.5,34.3,32.6,30.5,34.3,27.8,19.6,30.3,19.4,841.5
2024/12/14 09:51:38.224,33.6,34.5,32.9,30.6,34.5,28,19.8,30.3,19.5,841.5
2024/12/14 09:52:08.223,33.8,34.6,33.1,30.8,34.7,28.2,20,30.4,19.6,841.5
2024/12/14 09:52:38.218,33.9,34.7,33.3,31,34.9,28.4,20.1,30.2,19.6,841.5
2024/12/14 09:53:08.822,34,34.8,33.5,31.3,35,28.6,20.3,30.1,19.7,841.5
2024/12/14 09:53:38.817,34.2,35,33.6,31.5,35.2,28.8,20.5,30.1,19.8,841.5
2024/12/14 09:54:08.824,34.3,35.2,33.8,31.6,35.5,29,20.6,30,19.8,841.5
2024/12/14 09:54:38.818,34.4,35.2,34,31.8,35.6,29.1,20.8,29.7,19.8,841.5
2024/12/14 09:55:08.823,34.5,35.4,34.1,32,35.8,29.3,21,29.6,19.9,841.5
2024/12/14 09:55:38.818,34.6,35.6,34.3,32.1,36,29.5,21.1,29.6,19.9,841.5
2024/12/14 09:56:09.624,34.7,35.6,34.6,32.3,36.1,29.6,21.3,29.7,20,841.5
2024/12/14 09:56:39.625,34.8,35.8,34.8,32.5,36.3,29.8,21.5,29.8,20,841.5
2024/12/14 09:57:09.623,35,35.9,35.1,32.6,36.5,30,21.7,30,20,841.5
2024/12/14 09:57:39.823,35.1,36,35.4,32.8,36.6,30.2,21.9,30,20,841.5
2024/12/14 09:58:09.825,35.1,36.1,35.5,33,36.9,30.4,22.1,29.9,20.1,841.5
2024/12/14 09:58:39.823,35.3,36.3,35.8,33.1,37.1,30.6,22.3,30,20.1,841.5
2024/12/14 09:59:10.224,35.5,36.4,36,33.4,37.3,30.8,22.5,30.5,20.2,841.5
2024/12/14 09:59:40.220,35.6,36.6,36.3,33.6,37.5,31.1,22.7,31.1,20.3,841.5
2024/12/14 10:00:10.223,35.7,36.9,36.5,33.8,37.7,31.3,23,31.3,20.4,841.5
2024/12/14 10:00:40.223,35.9,37.1,36.7,34.1,37.9,31.6,23.1,31.7,20.5,841.5
2024/12/14 10:01:10.217,36,37.3,37,34.3,38.1,31.8,23.2,31.9,20.7,841.5
2024/12/14 10:01:40.223,36.1,37.4,37.1,34.5,38.3,32.1,23.3,32.3,20.8,841.5
2024/12/14 10:02:10.822,36.3,37.6,37.3,34.6,38.5,32.4,23.5,32.5,21,841.5
2024/12/14 10:02:40.823,36.4,37.7,37.5,34.8,38.7,32.6,23.6,32.7,21.1,841.5
2024/12/14 10:03:10.818,36.6,37.9,37.8,35,39,33,23.9,33,21.2,841.5
2024/12/14 10:03:40.824,36.9,38.1,38,35.2,39.3,33.2,24.1,33.5,21.3,841.5
2024/12/14 10:04:10.820,37.3,38.4,38.1,35.5,39.6,33.5,24.3,33.8,21.5,841.5
2024/12/14 10:04:40.823,37.6,38.8,38.3,35.6,39.9,33.7,24.6,34.3,21.6,841.5
2024/12/14 10:05:11.217,38,39.1,38.5,35.8,40.2,34,24.8,34.5,21.8,841.5
2024/12/14 10:05:41.223,38.3,39.5,38.6,36,40.5,34.2,25,34.4,21.9,841.5
2024/12/14 10:06:11.219,38.6,39.8,38.7,36.1,40.8,34.3,25.1,34.1,22,841.5
2024/12/14 10:06:41.224,38.9,40,38.8,36.3,41,34.5,25.3,33.9,22.1,841.5
2024/12/14 10:07:11.218,39.2,40.1,38.9,36.5,41.1,34.6,25.4,33.6,22.3,841.5
2024/12/14 10:07:41.222,39.5,40.4,39.1,36.6,41.3,34.7,25.5,33.9,22.5,841.5
2024/12/14 10:08:11.618,39.8,40.6,39.3,36.8,41.6,34.9,25.7,34.2,22.6,841.5
2024/12/14 10:08:41.623,40.1,41,39.6,37,41.8,35.1,25.9,34.5,22.8,841.5
2024/12/14 10:09:11.618,40.4,41.3,39.9,37.2,42.1,35.3,26.1,34.7,23,841.5
2024/12/14 10:09:41.623,40.7,41.6,40.1,37.5,42.4,35.6,26.3,34.8,23.1,841.5
2024/12/14 10:10:11.619,41,41.8,40.4,37.7,42.7,35.8,26.5,34.8,23.3,841.5
2024/12/14 10:10:41.617,41.3,42.2,40.6,38,43.1,36,26.6,34.9,23.3,841.5
2024/12/14 10:11:12.018,41.6,42.5,41.1,38.2,43.4,36.3,26.9,35.2,23.4,841.5
2024/12/14 10:11:42.018,41.9,42.8,41.5,38.5,43.8,36.6,27.1,35.4,23.5,841.5
2024/12/14 10:12:12.018,42.1,43.1,41.8,38.7,44.1,36.8,27.3,35.5,23.5,841.5
2024/12/14 10:12:42.023,42.5,43.5,42.1,39,44.4,37.1,27.5,35.6,23.5,841.5
2024/12/14 10:13:12.023,42.8,43.8,42.5,39.3,44.7,37.4,27.6,35.8,23.6,841.5
2024/12/14 10:13:42.024,43.1,44.1,42.8,39.6,45.1,37.7,27.8,35.9,23.7,841.5
2024/12/14 10:14:12.425,43.3,44.3,43.1,39.9,45.4,38,28.1,36.3,23.9,841.5
2024/12/14 10:14:42.423,43.6,44.5,43.4,40.2,45.6,38.2,28.3,36.6,24,841.5
2024/12/14 10:15:12.418,43.8,44.7,43.7,40.5,45.8,38.5,28.5,36.7,24.2,841.5
2024/12/14 10:15:42.422,44,45,44,40.8,46.1,38.7,28.7,37,24.4,841.5
2024/12/14 10:16:12.425,44.3,45.1,44.3,41.1,46.4,39,28.9,37,24.5,841.5
2024/12/14 10:16:42.423,44.4,45.3,44.6,41.3,46.6,39.3,29.1,37.1,24.6,841.5
2024/12/14 10:17:13.023,44.6,45.6,44.9,41.7,46.8,39.5,29.3,37.3,24.8,841.5
2024/12/14 10:17:43.024,44.9,45.8,45.2,42,47.1,39.8,29.6,37.5,25,841.5
2024/12/14 10:18:13.022,45.1,46.1,45.6,42.3,47.3,40.1,29.8,37.6,25,841.5
2024/12/14 10:18:43.025,45.3,46.3,45.8,42.5,47.6,40.4,30.1,37.5,25.1,841.5
2024/12/14 10:19:13.023,45.5,46.5,46.1,42.8,47.9,40.6,30.3,37.6,25.2,841.5
2024/12/14 10:19:43.019,45.7,46.6,46.4,43,48.1,40.8,30.5,37.8,25.3,841.5
2024/12/14 10:20:13.621,45.9,46.8,46.7,43.3,48.4,41.2,30.8,38.1,25.3,841.5
2024/12/14 10:20:43.618,46,46.9,47,43.6,48.6,41.5,31,38.2,25.5,841.5
2024/12/14 10:21:13.623,46.1,47,47.3,43.8,48.8,41.7,31.1,38.5,25.6,841.5
2024/12/14 10:21:43.618,46.4,47.2,47.5,44,49,42,31.3,38.6,25.8,841.5
2024/12/14 10:22:13.617,46.6,47.5,47.7,44.3,49.3,42.3,31.6,38.6,26,841.5
2024/12/14 10:22:43.618,46.7,47.6,47.8,44.5,49.5,42.5,31.8,38.6,26.1,841.5
2024/12/14 10:23:14.223,46.9,47.8,48,44.8,49.8,42.6,32,38.6,26.3,841.5
2024/12/14 10:23:44.222,47,47.8,48.3,45,49.9,42.9,32.1,38.7,26.4,841.5
2024/12/14 10:24:14.223,47.1,48,48.4,45.1,50,43.1,32.3,38.8,26.6,841.5
2024/12/14 10:24:44.223,47.2,48.1,48.6,45.5,50.1,43.3,32.5,38.8,26.8,841.5
2024/12/14 10:25:14.223,47.5,48.3,48.7,45.7,50.3,43.4,32.6,38.6,26.9,841.5
2024/12/14 10:25:44.224,47.6,48.5,48.9,46,50.6,43.6,32.8,38.8,27,841.5
2024/12/14 10:26:14.623,47.8,48.7,49.1,46.2,50.8,43.8,32.9,38.8,27.1,841.5
2024/12/14 10:26:44.623,48,48.8,49.3,46.5,51,44,33.1,38.8,27.2,841.5
2024/12/14 10:27:14.617,48.1,49.1,49.3,46.6,51.1,44.1,33.3,38.8,27.3,841.5
2024/12/14 10:27:44.623,48.3,49.2,49.5,46.8,51.3,44.3,33.5,38.8,27.5,841.5
2024/12/14 10:28:14.623,48.4,49.3,49.6,47.1,51.5,44.5,33.7,38.9,27.6,841.5
2024/12/14 10:28:44.623,48.5,49.3,49.8,47.3,51.6,44.7,33.9,38.8,27.8,841.5
2024/12/14 10:29:15.022,48.6,49.5,50,47.5,51.8,44.9,34.1,39.1,27.8,841.5
2024/12/14 10:29:45.023,48.8,49.5,50.2,47.6,52,45.1,34.3,39.3,27.9,841.5
2024/12/14 10:30:15.023,48.9,49.6,50.3,47.9,52.1,45.3,34.5,39.3,28.1,841.5
2024/12/14 10:30:45.019,49,49.7,50.6,48.1,52.3,45.5,34.7,39.5,28.2,841.5
2024/12/14 10:31:15.023,49.2,50,50.8,48.3,52.5,45.7,35,39.6,28.3,841.5
2024/12/14 10:31:45.018,49.4,50.2,51.1,48.5,52.6,45.9,35.1,39.9,28.4,841.5
2024/12/14 10:32:15.622,49.5,50.3,51.4,48.6,52.9,46.1,35.3,40.1,28.5,841.5
2024/12/14 10:32:45.619,49.6,50.3,51.6,48.8,53,46.3,35.4,40.1,28.6,841.5
2024/12/14 10:33:15.617,49.7,50.5,51.8,49,53.1,46.5,35.6,40.1,28.8,841.5
2024/12/14 10:33:45.618,49.8,50.7,52,49.1,53.3,46.7,35.8,40.4,28.8,841.5
2024/12/14 10:34:15.623,50,50.8,52.2,49.2,53.5,47,36,40.4,29,841.5
2024/12/14 10:34:45.623,50.1,50.9,52.4,49.4,53.8,47.1,36.3,40.6,29.1,841.5
2024/12/14 10:35:16.224,50.3,51.1,52.6,49.5,53.9,47.3,36.5,40.7,29.3,841.5
2024/12/14 10:35:46.218,50.4,51.3,52.7,49.7,54,47.5,36.7,40.8,29.4,841.5
2024/12/14 10:36:16.221,50.5,51.4,52.9,50,54.2,47.6,37,41,29.5,841.5
2024/12/14 10:36:46.220,50.7,51.5,53.1,50.2,54.3,47.9,37.1,41.4,29.7,841.5
2024/12/14 10:37:16.224,50.8,51.6,53.2,50.4,54.5,48,37.3,41.5,29.8,841.5
2024/12/14 10:37:46.223,51,51.8,53.3,50.5,54.6,48.3,37.5,41.5,30,841.5
2024/12/14 10:38:16.824,51.2,52,53.6,50.7,54.8,48.5,37.7,41.5,30.1,841.5
2024/12/14 10:38:46.823,51.4,52.2,53.8,50.9,55,48.6,38,41.6,30.4,841.5
2024/12/14 10:39:16.823,51.5,52.3,54,51.1,55.2,48.8,38.2,41.6,30.6,841.5
2024/12/14 10:39:46.823,51.7,52.5,54.1,51.3,55.5,49.1,38.3,41.8,30.8,841.5
2024/12/14 10:40:16.823,52,52.8,54.4,51.5,55.8,49.3,38.6,41.9,30.8,841.5
2024/12/14 10:40:46.823,52.1,53,54.5,51.5,55.9,49.5,38.8,41.8,31,841.5
2024/12/14 10:41:17.423,52.3,53.1,54.6,51.8,56,49.7,38.8,41.8,31.1,841.5
2024/12/14 10:41:47.418,52.5,53.5,54.8,52,56.1,50,38.9,42,31.3,841.5
2024/12/14 10:42:17.423,52.8,53.7,55.1,52.3,56.4,50.2,39.1,42.2,31.5,841.5
2024/12/14 10:42:47.418,53,54,55.4,52.5,56.6,50.5,39.4,42.3,31.7,841.5
2024/12/14 10:43:17.418,53.3,54.3,55.6,52.8,56.9,50.8,39.6,42.5,31.9,841.5
2024/12/14 10:43:47.423,53.6,54.6,55.9,53,57.2,51.1,39.9,42.6,32.1,841.5
2024/12/14 10:44:18.023,53.9,54.8,56.1,53.3,57.5,51.3,40.1,42.6,32.1,841.5
2024/12/14 10:44:48.024,54,54.9,56.5,53.5,57.7,51.6,40.3,43,32.2,841.5
2024/12/14 10:45:18.020,54.2,55,56.7,53.8,57.9,51.9,40.4,43.3,32.3,841.5
2024/12/14 10:45:48.023,54.4,55.3,57,54,58.1,52.2,40.6,43.6,32.5,841.5
2024/12/14 10:46:18.023,54.6,55.5,57.2,54.3,58.3,52.5,40.8,43.8,32.7,841.5
2024/12/14 10:46:48.024,54.8,55.6,57.5,54.5,58.6,52.8,41,43.9,32.8,841.5
2024/12/14 10:47:18.423,55,55.8,57.8,54.8,58.8,53,41.2,44.4,32.9,841.5
2024/12/14 10:47:48.423,55.2,56.1,58.1,55,59.1,53.3,41.5,44.8,32.9,841.5
2024/12/14 10:48:18.423,55.5,56.5,58.5,55.3,59.5,53.6,41.8,45.1,33.1,841.5
2024/12/14 10:48:48.422,55.8,56.8,58.8,55.4,59.8,53.9,42,45.3,33.2,841.5
2024/12/14 10:49:18.419,56,57.1,59,55.6,60.1,54.1,42.2,45.4,33.5,841.5
2024/12/14 10:49:48.424,56.3,57.3,59.3,55.8,60.3,54.4,42.5,45.4,33.6,841.5
2024/12/14 10:50:19.023,56.5,57.4,59.6,56,60.5,54.6,42.7,45.6,33.8,841.5
2024/12/14 10:50:49.022,56.6,57.6,59.8,56.2,60.7,54.9,42.9,45.8,34,841.5
2024/12/14 10:51:19.017,56.8,57.6,60,56.5,60.8,55.1,43.2,45.7,34,841.5
2024/12/14 10:51:49.023,56.8,57.7,60.2,56.8,61,55.4,43.5,45.6,34,841.5
2024/12/14 10:52:19.023,57,57.8,60.4,57,61.1,55.6,43.5,45.4,34.1,841.5
2024/12/14 10:52:49.022,57.2,58,60.5,57.1,61.3,55.8,43.6,45,34.1,841.5
2024/12/14 10:53:19.423,57.3,58.1,60.6,57.4,61.3,56,43.8,45,34.3,841.5
2024/12/14 10:53:49.418,57.5,58.3,60.8,57.6,61.5,56.1,43.9,45.1,34.6,841.5
2024/12/14 10:54:19.418,57.6,58.3,61,57.8,61.6,56.4,44.1,45.2,34.8,841.5
2024/12/14 10:54:49.423,57.7,58.5,61.1,58,61.8,56.5,44.2,45.2,35,841.5
2024/12/14 10:55:19.419,57.9,58.5,61.2,58.1,61.9,56.7,44.3,45.3,35.1,841.5
2024/12/14 10:55:49.424,58,58.6,61.4,58.3,62,56.8,44.5,45.3,35.3,841.5
2024/12/14 10:56:20.018,58.1,58.7,61.5,58.5,62,57,44.6,45.4,35.6,841.5
2024/12/14 10:56:50.023,58.2,58.8,61.5,58.8,62.1,57.1,44.6,45.3,35.9,841.5
2024/12/14 10:57:20.018,58.4,59,61.5,58.9,62.3,57.2,44.8,45.2,36.1,841.5
2024/12/14 10:57:50.023,58.6,59.1,61.8,59.1,62.4,57.5,45,45.3,36.3,841.5
2024/12/14 10:58:20.019,58.8,59.3,62,59.3,62.6,57.6,45.2,45.6,36.5,841.5
2024/12/14 10:58:50.025,58.9,59.4,62.2,59.5,62.8,57.8,45.5,45.7,36.6,841.5
2024/12/14 10:59:20.623,59,59.4,62.4,59.6,63,58,45.8,45.8,36.8,841.5
2024/12/14 10:59:50.624,59.1,59.6,62.6,59.8,63.2,58.2,45.9,46,36.9,841.5
2024/12/14 11:00:20.623,59.3,59.8,62.9,60,63.4,58.5,46.1,46.1,37.1,841.5
2024/12/14 11:00:50.624,59.4,60,63.1,60.1,63.5,58.7,46.3,46.1,37.1,841.5
2024/12/14 11:01:20.622,59.6,60.2,63.5,60.3,63.8,59,46.5,46.8,37.1,841.5
2024/12/14 11:01:50.623,59.8,60.5,63.6,60.5,64.1,59.2,46.8,47.3,37.3,841.5
2024/12/14 11:02:21.225,60,60.8,63.9,60.8,64.4,59.5,46.8,47.8,37.7,841.5
2024/12/14 11:02:51.223,60.2,60.9,64.1,60.9,64.6,59.6,47,48,37.9,841.5
2024/12/14 11:03:21.223,60.3,61,64.3,61.1,64.8,59.9,47.3,48,37.8,841.5
2024/12/14 11:03:51.223,60.4,61,64.5,61.2,64.9,60,47.5,48.1,37.9,841.5
2024/12/14 11:04:21.222,60.5,61.2,64.5,61.3,65,60.2,47.7,47.9,37.9,841.5
2024/12/14 11:04:51.219,60.5,61.1,64.7,61.5,65,60.3,47.9,47.8,37.8,841.5
2024/12/14 11:05:21.625,60.6,61,64.7,61.6,65.1,60.5,48,47.5,37.7,841.5
2024/12/14 11:05:51.623,60.6,61.1,64.8,61.6,65.1,60.6,48.3,47.3,37.9,841.5
2024/12/14 11:06:21.623,60.8,61.3,64.8,61.8,65.2,60.5,48.4,47.3,38,841.5
2024/12/14 11:06:51.618,60.9,61.3,64.9,62.1,65.3,60.6,48.5,47.6,38.1,841.5
2024/12/14 11:07:21.623,61,61.5,65,62.4,65.5,60.7,48.6,47.3,38.4,841.5
2024/12/14 11:07:51.618,61.1,61.6,65.1,62.5,65.6,60.8,48.8,47,38.6,841.5
2024/12/14 11:08:22.223,61.3,61.8,65.1,62.6,65.8,60.9,48.8,47,38.7,841.5
2024/12/14 11:08:52.223,61.6,62,65.4,62.8,66.1,61,49,47,38.8,841.5
2024/12/14 11:09:22.223,61.7,62,65.5,62.9,66.3,61.2,49.1,47.1,39.1,841.5
2024/12/14 11:09:52.217,61.9,62.2,65.5,63.1,66.3,61.3,49.1,47,39.3,841.5
2024/12/14 11:10:22.223,62,62.3,65.7,63.3,66.5,61.5,49.3,47.3,39.5,841.5
2024/12/14 11:10:52.223,62.3,62.6,66,63.5,66.6,61.7,49.5,47.6,39.9,841.5
2024/12/14 11:11:22.823,62.5,62.9,66.1,63.7,66.8,62,49.6,47.9,40.1,841.5
2024/12/14 11:11:52.823,62.8,63.1,66.3,63.9,67,62.2,49.8,47.9,40.4,841.5
2024/12/14 11:12:22.822,63,63.2,66.5,64.1,67.2,62.4,50,48.1,40.6,841.5
2024/12/14 11:12:52.823,63.1,63.4,66.7,64.3,67.5,62.6,50.1,48.2,40.9,841.5
2024/12/14 11:13:22.823,63.4,63.6,67,64.6,67.6,62.9,50.3,48.5,41.1,841.5
2024/12/14 11:13:52.818,63.5,63.8,67.3,64.7,67.8,63.1,50.5,48.6,41.2,841.5
2024/12/14 11:14:23.623,63.7,64,67.5,64.8,68.1,63.3,50.6,48.6,41.3,841.5
2024/12/14 11:14:53.617,64,64.3,67.8,65.1,68.4,63.6,50.9,48.8,41.5,841.5
2024/12/14 11:15:23.623,64.1,64.5,68.1,65.2,68.6,63.9,51.1,49.2,41.6,841.5
2024/12/14 11:15:53.623,64.3,64.6,68.3,65.4,68.7,64.1,51.3,49.6,41.9,841.5
2024/12/14 11:16:23.618,64.6,64.8,68.5,65.6,68.9,64.3,51.5,49.6,42.1,841.5
2024/12/14 11:16:53.623,64.7,65,68.6,65.9,69.1,64.4,51.6,49.5,42.4,841.5
2024/12/14 11:17:24.218,64.9,65.2,68.6,66.2,69.3,64.6,51.7,49.5,42.6,841.5
2024/12/14 11:17:54.224,65.1,65.3,68.8,66.5,69.6,64.8,51.8,49.4,42.7,841.5
2024/12/14 11:18:24.218,65.2,65.5,69.1,66.6,69.8,65,52,49.5,42.8,841.5
2024/12/14 11:18:54.223,65.5,65.7,69.4,66.8,69.8,65.2,52.1,49.7,43,841.5
2024/12/14 11:19:24.217,65.6,65.9,69.7,67,70,65.5,52.3,50,43.2,841.5
2024/12/14 11:19:54.223,65.8,66.1,70,67.1,70.1,65.8,52.7,50.3,43.3,841.5
2024/12/14 11:20:24.819,66.1,66.4,70.3,67.4,70.4,66,52.9,50.2,43.5,841.5
2024/12/14 11:20:54.823,66.3,66.5,70.5,67.6,70.6,66.2,53.1,50.1,43.6,841.5
2024/12/14 11:21:24.817,66.4,66.6,70.6,67.8,70.8,66.4,53.3,50.1,43.7,841.5
2024/12/14 11:21:54.823,66.5,66.6,70.6,68,71,66.5,53.5,50.1,43.9,841.5
2024/12/14 11:22:24.818,66.7,66.7,70.9,68.1,71.2,66.7,53.6,50.2,44.1,841.5
2024/12/14 11:22:54.823,66.8,66.8,71,68.3,71.3,66.8,53.7,50.3,44.3,841.5
2024/12/14 11:23:25.421,67,67.2,71.2,68.5,71.5,67,53.9,50.4,44.4,841.5
2024/12/14 11:23:55.424,67.3,67.4,71.4,68.7,71.8,67.1,54.1,50.3,44.5,841.5
2024/12/14 11:24:26.018,67.4,67.5,71.5,69,72,67.3,54.2,50.2,44.7,841.5
2024/12/14 11:24:56.022,67.6,67.6,71.7,69.1,72.1,67.5,54.3,50.5,44.9,841.5
2024/12/14 11:25:26.623,67.6,67.7,71.8,69.3,72.1,67.6,54.3,50.4,45.1,841.5
2024/12/14 11:25:56.624,67.7,67.8,71.9,69.4,72.2,67.8,54.3,50.5,45.3,841.5
2024/12/14 11:26:27.224,67.8,67.8,72.2,69.6,72.4,68.1,54.6,51.1,45.5,841.5
2024/12/14 11:26:57.217,68,68.1,72.6,69.8,72.6,68.3,54.8,51.7,45.7,841.5
2024/12/14 11:27:27.223,68.3,68.5,73.1,69.8,73,68.5,55,52.4,45.8,841.5
2024/12/14 11:27:57.223,68.5,68.6,73.3,70,73.3,68.8,55.3,52.5,45.9,841.5
2024/12/14 11:28:27.223,68.6,68.8,73.6,70.1,73.6,69,55.6,52.5,46,841.5
2024/12/14 11:28:57.223,68.8,68.8,73.8,70.1,73.8,69.2,55.8,52.7,45.9,841.5
2024/12/14 11:29:27.818,68.7,68.6,74,70.1,73.8,69.4,56.1,53,45.8,841.5
2024/12/14 11:29:57.823,68.9,69,74.2,70.4,74,69.5,56.3,53,46,841.5
2024/12/14 11:30:27.821,69,69,74.3,70.6,74,69.7,56.6,52.9,46.1,841.5
2024/12/14 11:30:57.817,69.1,69.2,74.4,70.9,74.1,69.9,56.8,52.7,46.1,841.5
2024/12/14 11:31:27.817,69.2,69.3,74.5,71.1,74.3,70,57.1,52.6,46.3,841.5
2024/12/14 11:31:57.824,69.3,69.3,74.6,71.3,74.3,70.1,57.3,52.8,46.6,841.5
2024/12/14 11:32:28.418,69.3,69.3,74.8,71.4,74.5,70.3,57.6,52.9,46.6,841.5
2024/12/14 11:32:58.418,69.5,69.4,74.9,71.5,74.6,70.5,58,52.7,46.7,841.5
2024/12/14 11:33:28.418,69.6,69.5,75,71.5,74.8,70.6,58.1,52.6,46.8,841.5
2024/12/14 11:33:58.422,69.8,69.6,75,71.5,75,70.8,58.2,52.5,46.7,841.5
2024/12/14 11:34:28.418,70,69.9,75.2,71.8,75,71,58.5,52.8,46.8,841.5
2024/12/14 11:34:58.424,70.1,69.9,75.4,71.9,75.2,71.1,58.7,53,46.9,841.5
2024/12/14 11:35:29.018,70.1,69.8,75.5,72.1,75.1,71.2,58.8,53.1,46.9,841.5
2024/12/14 11:35:59.022,70.1,69.8,75.6,72.2,75.2,71.3,59,53,47.1,841.5
2024/12/14 11:36:29.023,70.1,69.9,75.6,72.4,75.3,71.5,59.1,53.3,47.3,841.5
2024/12/14 11:36:59.023,70.4,70.3,75.8,72.5,75.5,71.6,59.3,53.5,47.5,841.5
2024/12/14 11:37:29.023,70.6,70.3,76,72.6,75.6,71.7,59.4,53.5,47.5,841.5
2024/12/14 11:37:59.023,70.7,70.4,76,72.7,75.7,71.8,59.5,53.3,47.7,841.5
2024/12/14 11:38:29.625,70.7,70.5,76.1,72.8,75.8,72,59.6,53.4,48,841.5
2024/12/14 11:38:59.618,71,70.7,76.2,72.9,75.9,72,59.7,53.1,48.2,841.5
2024/12/14 11:39:29.622,71.2,70.8,76.3,72.8,76,72,59.8,53.3,48.3,841.5
2024/12/14 11:39:59.623,71.3,70.9,76.3,73,76.1,72.1,60.1,53.3,48.5,841.5
2024/12/14 11:40:29.623,71.3,71,76.5,73.1,76.2,72.3,60.1,53.2,48.8,841.5
2024/12/14 11:40:59.623,71.5,71.1,76.6,73.3,76.3,72.5,60.3,53.3,49,841.5
2024/12/14 11:41:30.217,71.5,71,76.6,73.4,76.3,72.5,60.3,53.3,49.1,841.5
2024/12/14 11:42:00.223,71.6,71.1,76.7,73.5,76.3,72.6,60.5,53.4,49.3,841.5
2024/12/14 11:42:30.223,71.8,71.4,76.7,73.6,76.5,72.6,60.5,53.1,49.4,841.5
2024/12/14 11:43:00.223,72,71.5,76.9,73.8,76.8,72.7,60.7,53.3,49.5,841.5
2024/12/14 11:43:30.224,72,71.5,76.9,74,76.8,72.8,60.7,53.5,49.7,841.5
2024/12/14 11:44:00.224,72,71.5,77.1,74,76.9,72.9,60.7,53.6,50,841.5
2024/12/14 11:44:30.818,72.1,71.6,77.1,74.1,76.9,73,60.7,53.6,50.2,841.5
2024/12/14 11:45:00.819,72.1,71.6,77.1,74.2,76.9,73,60.8,53.6,50.5,841.5
2024/12/14 11:45:30.823,72.3,71.7,77.1,74.3,77,73.1,61,53.6,50.7,841.5
2024/12/14 11:46:02.623,72.4,71.8,77.1,74.5,77.1,73.1,61.1,53.5,50.9,841.5
2024/12/14 11:46:35.822,72.3,71.7,77.2,74.5,77.1,73.2,61.1,53.6,51.1,841.5
2024/12/14 11:47:05.819,72.4,71.9,77.2,74.6,77.3,73.2,61.2,53.5,51.3,841.5
2024/12/14 11:47:36.423,72.5,72,77.3,74.7,77.4,73.3,61.2,53.6,51.5,841.5
2024/12/14 11:48:06.419,72.6,72.1,77.5,74.8,77.4,73.4,61.3,53.9,51.7,841.5
2024/12/14 11:48:36.421,72.9,72.3,77.8,74.9,77.5,73.6,61.5,54.3,51.8,841.5
2024/12/14 11:49:06.417,73,72.3,77.8,75,77.8,73.8,61.6,54.3,51.9,841.5
2024/12/14 11:49:37.023,73.3,72.6,77.9,75.2,78,74,61.7,54,52,841.5
2024/12/14 11:50:07.018,73.5,72.8,77.9,75.3,78.1,73.9,61.7,53.7,52.1,841.5
2024/12/14 11:50:37.623,73.8,73.1,77.9,75.5,78.2,74,61.6,53.8,52.4,841.5
2024/12/14 11:51:07.618,73.8,73.2,78.1,75.6,78.3,74.2,61.7,54.2,52.6,841.5
2024/12/14 11:51:37.623,74.1,73.3,78.5,75.7,78.5,74.4,61.8,54.6,52.9,841.5
2024/12/14 11:52:07.619,74.3,73.5,78.8,75.8,78.6,74.6,62,54.6,53,841.5
2024/12/14 11:52:37.620,74.5,73.8,79.1,76,79,74.8,62.3,54.5,53,841.5
2024/12/14 11:53:07.620,74.8,74.1,79.4,76.3,79.3,75,62.6,54.8,53,841.5
2024/12/14 11:53:38.223,75.1,74.5,79.6,76.5,79.7,75.2,63,54.9,52.9,841.5
2024/12/14 11:54:08.218,75.3,74.8,80,76.8,80,75.5,63.3,55.7,53,841.5
2024/12/14 11:54:38.222,75.6,75,80.4,77.1,80.3,75.8,63.6,56.3,53.1,841.5
2024/12/14 11:55:08.222,75.8,75.1,80.7,77.3,80.6,76.1,63.9,56.6,53.2,841.5
2024/12/14 11:55:38.218,76,75.3,80.9,77.5,80.9,76.5,64.1,57,53.5,841.5
2024/12/14 11:56:08.224,76.1,75.5,81.1,77.7,81.1,76.6,64.5,57,53.6,841.5
2024/12/14 11:56:38.823,76.3,75.6,81.3,77.9,81.3,76.8,64.6,57.3,53.6,841.5
2024/12/14 11:57:08.818,76.5,75.8,81.4,78.1,81.4,77,64.8,57.3,53.6,841.5
2024/12/14 11:57:38.823,76.6,75.8,81.6,78.3,81.5,77.1,65.1,57.3,53.6,841.5
2024/12/14 11:58:08.823,76.6,75.9,81.6,78.6,81.5,77.3,65.1,57.3,53.8,841.5
2024/12/14 11:58:38.823,76.8,76.1,81.9,78.8,81.6,77.4,65.3,57.3,53.9,841.5
2024/12/14 11:59:08.823,77,76.3,82,79,81.7,77.5,65.5,57.2,54,841.5
2024/12/14 11:59:39.419,77.1,76.5,82,79,81.9,77.6,65.6,56.8,54,841.5
2024/12/14 12:00:09.423,77.3,76.6,82.2,79,82.2,77.8,65.7,56.8,54.2,841.5
2024/12/14 12:00:39.423,77.5,76.6,82.3,79.1,82.4,78,65.9,57,54.2,841.5
2024/12/14 12:01:09.423,77.5,76.8,82.5,79.3,82.6,78.1,66.1,57.4,54.5,841.5
2024/12/14 12:01:39.417,77.7,77,82.7,79.5,82.8,78.3,66.2,57.6,54.6,841.5
2024/12/14 12:02:09.423,77.8,77,82.8,79.6,82.8,78.4,66.3,57.5,54.6,841.5
2024/12/14 12:02:40.018,77.7,76.8,82.8,79.8,82.7,78.5,66.2,57.5,54.8,841.5
2024/12/14 12:03:10.024,77.6,76.7,82.8,80,82.6,78.6,66.1,57.6,55,841.5
2024/12/14 12:03:40.023,77.5,76.6,82.9,80.1,82.4,78.6,66.1,57.6,55.3,841.5
2024/12/14 12:04:10.019,77.4,76.5,82.9,80.3,82.4,78.7,66.2,57.6,55.6,841.5
2024/12/14 12:04:40.023,77.4,76.5,82.9,80.5,82.3,78.8,66.3,57.3,55.8,841.5
2024/12/14 12:05:10.018,77.3,76.4,83,80.5,82.3,78.9,66.3,57.4,56,841.5
2024/12/14 12:05:40.623,77.3,76.4,83,80.6,82.3,79,66.4,57.2,56.1,841.5
2024/12/14 12:06:10.623,77.5,76.5,83,80.7,82.3,79,66.5,56.8,56.3,841.5
2024/12/14 12:06:40.623,77.5,76.5,83,80.8,82.4,79,66.6,56.5,56.5,841.5
2024/12/14 12:07:10.623,77.5,76.5,83,80.8,82.4,79,66.6,56.3,56.6,841.5
2024/12/14 12:07:40.623,77.5,76.6,82.9,80.9,82.5,78.9,66.6,56.3,56.8,841.5
2024/12/14 12:08:10.624,77.5,76.5,82.9,80.9,82.4,78.9,66.5,56.7,57,841.5
2024/12/14 12:08:41.223,77.3,76.3,82.8,80.9,82.3,78.8,66.5,56.7,57.3,841.5
2024/12/14 12:09:11.223,77.5,76.4,82.6,81,82.3,78.7,66.6,56.6,57.5,841.5
2024/12/14 12:09:41.223,77.6,76.5,82.6,81.1,82.4,78.8,66.8,56.6,57.6,841.5
2024/12/14 12:10:11.223,77.6,76.5,82.6,81.1,82.5,78.7,66.8,56.3,57.9,841.5
2024/12/14 12:10:41.222,77.8,76.6,82.6,81.2,82.5,78.7,66.8,56.2,58.1,841.5
2024/12/14 12:11:11.218,77.8,76.6,82.6,81.1,82.5,78.8,66.8,56.2,58.1,841.5
2024/12/14 12:11:41.823,77.8,76.7,82.7,81.1,82.5,78.8,66.9,56.6,58.2,841.5
2024/12/14 12:12:11.823,77.8,76.7,82.8,81.1,82.4,78.8,66.9,56.8,58.5,841.5
2024/12/14 12:12:41.822,78,76.7,82.8,81.1,82.5,78.9,66.9,56.7,58.6,841.5
2024/12/14 12:13:11.817,78,76.6,82.8,81.1,82.4,78.9,66.9,56.5,58.7,841.5
2024/12/14 12:13:41.823,77.9,76.7,82.7,81.1,82.5,78.9,67,56.4,58.9,841.5
2024/12/14 12:14:11.824,78,76.8,82.6,81.1,82.5,78.8,66.9,56.3,59,841.5
2024/12/14 12:14:42.424,78,76.8,82.6,81.1,82.6,78.8,67,56.3,59,841.5
2024/12/14 12:15:12.427,78,76.8,82.8,81.2,82.6,79,67.1,56.6,59,841.5
2024/12/14 12:15:42.418,78,76.8,82.9,81.3,82.6,79.1,67.3,56.7,59,841.5
2024/12/14 12:16:12.422,78.1,76.8,83,81.3,82.6,79.1,67.4,56.5,59.1,841.5
2024/12/14 12:16:42.419,78.1,76.8,82.8,81.3,82.6,79,67.3,56.4,59.3,841.5
2024/12/14 12:17:12.424,78.1,76.9,82.7,81.3,82.6,79,67.3,56.4,59.5,841.5
2024/12/14 12:17:43.018,78.3,77,82.6,81.3,82.6,79,67.3,56.5,59.6,841.5
2024/12/14 12:18:13.024,78.2,76.9,82.6,81.3,82.6,79,67.3,56.5,59.8,841.5
2024/12/14 12:18:43.018,78.2,76.8,82.6,81.5,82.6,79,67.3,56.6,60,841.5
2024/12/14 12:19:13.023,78.3,77,82.6,81.5,82.7,79,67.5,56.5,60,841.5
2024/12/14 12:19:43.018,78.4,77,82.7,81.5,82.7,79,67.5,56.7,60.1,841.5
2024/12/14 12:20:13.023,78.5,77.1,82.8,81.5,82.6,79,67.6,56.9,60.3,841.5
2024/12/14 12:20:43.619,78.6,77.2,82.8,81.6,82.7,79,67.8,56.7,60.4,841.5
2024/12/14 12:21:13.623,78.6,77.1,82.8,81.6,82.8,79,67.8,56.6,60.5,841.5
2024/12/14 12:21:43.619,78.6,77.3,82.8,81.6,82.9,79,68,56.8,60.6,841.5
2024/12/14 12:22:13.624,78.5,77.1,83,81.6,82.8,79.1,68.1,57.3,60.5,841.5
2024/12/14 12:22:43.617,78.6,77.2,83.1,81.5,82.8,79.1,68.3,57.5,60.5,841.5
2024/12/14 12:23:13.623,78.7,77.3,83.1,81.6,82.9,79.1,68.4,57.5,60.7,841.5
2024/12/14 12:23:44.218,78.9,77.4,83.1,81.5,82.9,79.2,68.5,57.5,60.9,841.5
2024/12/14 12:24:14.223,79.1,77.5,83.1,81.5,82.9,79.2,68.3,57.1,61,841.5
2024/12/14 12:24:44.223,79.1,77.4,83,81.5,82.9,79.1,68.3,56.9,61.2,841.5
2024/12/14 12:25:14.225,79.1,77.4,82.9,81.6,82.8,79,68.3,57,61.5,841.5
2024/12/14 12:25:44.223,79.3,77.5,82.9,81.6,82.8,79.1,68.3,57.1,61.7,841.5
2024/12/14 12:26:14.223,79.4,77.6,83,81.6,82.9,79.1,68.3,57.5,61.9,841.5
2024/12/14 12:26:44.824,79.6,77.9,83.1,81.8,83,79.3,68.5,57.7,61.9,841.5
2024/12/14 12:27:14.823,79.9,78.2,83.3,81.8,83.1,79.3,68.5,57.5,61.9,841.5
2024/12/14 12:27:44.822,80.2,78.3,83.3,82,83.3,79.4,68.6,57,61.8,841.5
2024/12/14 12:28:14.824,80.5,78.6,83.4,81.9,83.3,79.5,68.6,57.1,61.8,841.5
2024/12/14 12:28:44.822,80.8,78.7,83.5,81.9,83.3,79.5,68.8,57.4,61.6,841.5
2024/12/14 12:29:14.823,81.3,79,83.6,81.9,83.3,79.6,68.9,58,61.4,841.5
2024/12/14 12:29:45.422,82,79.5,83.7,81.9,83.3,79.7,69,57.9,61.3,841.5
2024/12/14 12:30:15.419,82.9,80.2,83.8,81.9,83.4,79.8,69,57.5,61.5,841.5
2024/12/14 12:30:45.425,83.7,80.8,83.7,81.9,83.5,79.8,69,57.3,61.5,841.5
2024/12/14 12:31:15.423,84.5,81.4,83.6,82,83.5,79.7,69,57.4,61.7,841.5
2024/12/14 12:31:45.423,85.1,82,83.5,82,83.5,79.6,68.8,57.3,62,841.5
2024/12/14 12:32:15.423,85.6,82.5,83.3,82,83.5,79.6,68.6,57.1,62.4,841.5
2024/12/14 12:32:46.023,86.1,82.9,83.4,82.1,83.6,79.6,68.5,57.3,62.7,841.5
2024/12/14 12:33:16.023,86.5,83.3,83.5,82.1,83.6,79.6,68.5,57.3,62.8,841.5
2024/12/14 12:33:46.018,86.9,83.5,83.6,82.2,83.7,79.7,68.6,57.3,63,841.5
2024/12/14 12:34:16.016,87.1,83.6,83.6,82.3,83.7,79.7,68.5,57.2,63.1,841.5
2024/12/14 12:34:46.018,87.3,83.8,83.6,82.3,83.7,79.7,68.6,57.2,63.2,841.5
2024/12/14 12:35:16.024,87.5,84,83.7,82.3,83.8,79.8,68.6,57.1,63.3,841.5
2024/12/14 12:35:46.618,87.7,84.1,83.8,82.4,83.8,79.9,68.8,57.1,63.5,841.5
2024/12/14 12:36:16.618,87.9,84.3,83.8,82.4,84,80,68.9,57,63.5,841.5
2024/12/14 12:36:47.218,88,84.3,83.8,82.5,84.1,80,68.8,56.8,63.5,841.5
2024/12/14 12:37:17.223,88,84.3,83.7,82.5,84.1,80,68.8,57,63.6,841.5
2024/12/14 12:37:47.217,87.8,84,83.8,82.5,84.1,80,68.8,60.8,63.6,841.5
2024/12/14 12:38:17.223,87.6,84,83.9,82.6,84.1,80,68.9,63.5,63.7,841.5
2024/12/14 12:38:47.818,87.7,84.1,84,82.6,84.2,80.1,69,64.9,63.8,841.5
2024/12/14 12:39:17.823,87.8,84.1,84,82.8,84.3,80.1,69.1,65.5,64,841.5
2024/12/14 12:39:47.817,88,84.2,83.9,82.7,84.3,80.1,69.1,65.7,64,841.5
2024/12/14 12:40:17.823,88,84.1,84,82.7,84.3,80.2,69.1,66.1,64,841.5
2024/12/14 12:40:47.823,88,84.2,84.1,82.7,84.3,80.3,69.1,66.3,64.1,841.5
2024/12/14 12:41:17.823,87.8,84.2,84.1,82.8,84.3,80.3,69.1,66.9,64,841.5
2024/12/14 12:41:48.417,87.9,84.3,84.3,82.8,84.3,80.5,69.3,67.4,64.1,841.5
2024/12/14 12:42:18.423,88.1,84.5,84.5,83,84.5,80.5,69.5,67.6,63.9,841.5
2024/12/14 12:42:48.419,88.3,84.6,84.6,83.1,84.5,80.6,69.7,67.7,63.7,841.5
2024/12/14 12:43:18.422,88.5,84.7,84.6,83.1,84.5,80.8,69.8,67.6,63.9,841.5
2024/12/14 12:43:48.419,88.6,84.8,84.6,83.1,84.5,80.8,69.7,67.3,64,841.5
2024/12/14 12:44:18.425,88.8,84.8,84.4,83.1,84.5,80.6,69.6,67.2,64.3,841.5
2024/12/14 12:44:49.017,88.9,84.9,84.4,83.2,84.5,80.6,69.6,67.5,64.5,841.5
2024/12/14 12:45:19.023,89.1,85.2,84.5,83.2,84.6,80.6,69.8,67.7,64.6,841.5
2024/12/14 12:45:49.023,89.3,85.3,84.6,83.2,84.7,80.7,69.9,67.3,64.5,841.5
2024/12/14 12:46:19.023,89.5,85.4,84.7,83.2,84.9,80.8,70,67.2,64.5,841.5
2024/12/14 12:48:14.625,88,86,85.1,83.6,85,81.1,70.3,68.3,64.5,841.5
2024/12/14 12:48:44.624,88.2,86.3,85.1,83.6,85.1,81.2,70.5,68.1,64.4,841.5
2024/12/14 12:49:15.224,88.3,86.4,85.3,83.5,85.1,81.3,70.5,68.1,64.4,841.5
2024/12/14 12:49:45.224,88.1,86.3,85.3,83.6,85.2,81.4,70.6,68.1,64.4,841.5
2024/12/14 12:50:15.217,87.8,86,85.3,83.6,85.2,81.4,70.6,67.7,64.6,841.5
2024/12/14 12:50:45.223,87.3,85.5,85.3,83.6,85.3,81.4,70.6,67.4,64.8,841.5
2024/12/14 12:51:15.223,86.7,84.9,85.4,83.7,85.2,81.4,70.8,67.8,64.8,841.5
2024/12/14 12:51:45.217,86.2,84.5,85.3,83.8,85.2,81.4,70.8,67.5,65,841.5
2024/12/14 12:52:15.823,85.9,84.2,85.1,83.8,85.3,81.3,70.7,67.3,65.2,841.5
2024/12/14 12:52:45.823,85.3,83.7,85,83.7,85.2,81.2,70.6,67.5,65.4,841.5
2024/12/14 12:53:15.823,84.9,83.3,84.9,83.7,85.1,81.1,70.6,67.6,65.7,841.5
2024/12/14 12:53:45.823,84.6,83.1,85.1,83.8,85.2,81.2,70.6,67.6,65.8,841.5
2024/12/14 12:54:15.824,84.2,83,85,83.8,85.3,81.2,70.7,67.5,66,841.5
2024/12/14 12:54:45.823,84.1,82.8,85,83.8,85.3,81.1,70.6,67.4,66.2,841.5
2024/12/14 12:55:16.422,83.8,82.6,85,83.8,85.2,81.1,70.5,67.6,66.5,841.5
2024/12/14 12:55:46.423,83.5,82.3,85,83.8,85.2,81.1,70.5,67.3,66.6,841.5
2024/12/14 12:56:16.424,83.3,82.1,84.8,83.8,85.2,81,70.3,67.3,66.9,841.5
2024/12/14 12:56:46.423,83.1,82.1,85,83.8,85.2,81,70.2,67.5,67.1,841.5
2024/12/14 12:57:16.423,83,82,85,84,85.2,81.1,70.3,67.8,67.4,841.5
2024/12/14 12:57:46.424,83,82,85,84,85.3,81.1,70.3,67.5,67.5,841.5
2024/12/14 12:58:17.023,82.9,81.9,85.1,84.1,85.3,81.1,70.2,67.5,67.7,841.5
2024/12/14 12:58:47.023,82.8,81.8,85.2,84.1,85.4,81.2,70.3,67.7,67.7,841.5
2024/12/14 12:59:17.018,82.7,81.6,85.3,84.1,85.3,81.2,70.3,68,67.8,841.5
2024/12/14 12:59:47.023,82.7,81.8,85.5,84.1,85.3,81.2,70.3,68,67.9,841.5
2024/12/14 13:00:17.018,82.7,81.8,85.4,84.1,85.3,81.2,70.5,68.3,68,841.5
2024/12/14 13:00:47.016,82.7,81.8,85.5,84.1,85.3,81.3,70.6,68.5,68,841.5
2024/12/14 13:01:17.619,82.8,81.9,85.5,84.2,85.4,81.3,70.7,68.5,68,841.5
2024/12/14 13:01:47.623,82.8,82,85.4,84.2,85.3,81.3,70.6,68.1,68.1,841.5
2024/12/14 13:02:17.619,82.8,82,85.5,84.1,85.4,81.4,70.8,67.9,68.2,841.5
2024/12/14 13:02:47.623,82.6,81.8,85.5,84,85.4,81.5,70.8,68.3,68.1,841.5
2024/12/14 13:03:17.617,82.5,81.6,85.5,84,85.4,81.5,70.7,68.3,68.2,841.5
2024/12/14 13:03:47.623,82.4,81.5,85.4,84.1,85.3,81.4,70.6,68.4,68.5,841.5
2024/12/14 13:04:18.219,82.3,81.5,85.4,84.1,85.4,81.4,70.6,68.3,68.4,841.5
2024/12/14 13:04:48.223,82.2,81.3,85.5,84.1,85.4,81.5,70.6,68.1,68.3,841.5
2024/12/14 13:05:18.219,82.1,81.3,85.6,84.1,85.5,81.5,70.6,68.5,68.1,841.5
2024/12/14 13:05:48.224,82.2,81.5,85.7,84.1,85.6,81.5,70.8,68.8,68.2,841.5
2024/12/14 13:06:18.219,82.4,81.6,85.8,84.1,85.7,81.6,71.1,68.7,68.1,841.5
2024/12/14 13:06:48.223,82.6,81.6,85.8,83.8,86,81.7,71.3,68.9,68.1,841.5
2024/12/14 13:07:18.819,82.6,81.5,85.9,83.8,86.1,81.8,71.5,69.3,68.3,841.5
2024/12/14 13:07:48.823,82.6,81.6,86,84,86.1,82,71.6,69.2,68.4,841.5
2024/12/14 13:08:18.818,82.6,81.5,86,84,86.2,82,71.7,69.1,68.3,841.5
2024/12/14 13:08:48.823,82.6,81.5,86.1,84,86.1,82,71.7,68.8,68,841.5
2024/12/14 13:09:18.818,82.5,81.2,86.1,84,86.1,82.1,71.7,69,67.8,841.5
2024/12/14 13:09:48.823,82.5,81.3,86.1,83.9,86.1,82.1,71.8,69.1,67.8,841.5
2024/12/14 13:10:19.418,82.5,81.3,86.1,83.7,86.3,82.3,71.8,69.1,67.8,841.5
2024/12/14 13:10:49.423,82.6,81.5,86.2,83.7,86.3,82.3,71.9,69.1,67.8,841.5
2024/12/14 13:11:19.418,82.8,81.5,86.2,83.8,86.3,82.3,72,69.1,67.8,841.5
2024/12/14 13:11:49.423,82.8,81.6,86.3,83.8,86.4,82.3,72.1,69.3,68,841.5
2024/12/14 13:12:19.423,82.9,81.5,86.3,84,86.5,82.5,72.1,69.2,68.1,841.5
2024/12/14 13:12:49.423,82.8,81.4,86.3,84,86.5,82.5,72.1,69.1,68,841.5
2024/12/14 13:13:20.019,82.8,81.5,86.3,83.9,86.5,82.5,72.3,69.3,68,841.5
2024/12/14 13:13:50.023,82.8,81.5,86.4,84,86.4,82.6,72.4,69.6,68.3,841.5
2024/12/14 13:14:20.026,82.9,81.5,86.4,84,86.3,82.5,72.4,69.3,68.1,841.5
2024/12/14 13:14:50.023,82.9,81.6,86.5,83.9,86.4,82.5,72.5,69.3,68.2,841.5
2024/12/14 13:15:20.023,83.1,81.8,86.5,84,86.5,82.6,72.6,69.1,68.2,841.5
2024/12/14 13:15:50.021,83.1,81.8,86.4,83.9,86.6,82.6,72.6,69,68.2,841.5
2024/12/14 13:16:20.623,83.1,81.7,86.4,84,86.6,82.6,72.6,68.9,68.3,841.5
2024/12/14 13:16:50.618,83,81.6,86.3,84,86.5,82.5,72.5,69,68.1,841.5
2024/12/14 13:17:20.624,82.8,81.4,86.3,84,86.4,82.5,72.5,69.1,68.2,841.5
2024/12/14 13:17:50.623,82.6,81.3,86.3,84.1,86.2,82.4,72.5,69.3,68.3,841.5
2024/12/14 13:18:20.623,82.6,81.4,86.4,84.3,86.1,82.4,72.3,69.6,68.5,841.5
2024/12/14 13:18:50.624,82.8,81.5,86.3,84.3,86.1,82.3,72.3,69.3,68.4,841.5
2024/12/14 13:19:21.223,82.8,81.5,86.3,84.3,86.1,82.3,72.4,69.3,68.2,841.5
2024/12/14 13:19:51.226,82.7,81.3,86.4,84.4,86.1,82.3,72.4,69.4,68.2,841.5
2024/12/14 13:20:21.222,82.8,81.5,86.5,84.5,86.1,82.5,72.4,69.5,68.2,841.5
2024/12/14 13:20:51.224,82.9,81.6,86.5,84.5,86.1,82.5,72.5,69.5,68.3,841.5
2024/12/14 13:21:21.223,83,81.6,86.6,84.6,86.2,82.6,72.5,69.5,68.4,841.5
2024/12/14 13:21:51.218,83,81.8,86.5,84.6,86.3,82.7,72.6,69.2,68.4,841.5
2024/12/14 13:22:21.823,83,81.6,86.5,84.6,86.2,82.7,72.6,69.3,68.5,841.5
2024/12/14 13:22:51.823,82.9,81.5,86.5,84.6,86.1,82.6,72.5,69.3,68.5,841.5
2024/12/14 13:23:21.823,82.7,81.3,86.5,84.6,86.1,82.6,72.5,69.5,68.6,841.5
2024/12/14 13:23:51.823,82.6,81.3,86.5,84.7,86.1,82.6,72.5,69.5,69,841.5
2024/12/14 13:24:21.826,82.6,81.3,86.5,84.8,86.1,82.6,72.5,69.6,69.1,841.5
2024/12/14 13:24:51.824,82.6,81.4,86.6,84.8,86.1,82.7,72.5,69.7,69.4,841.5
2024/12/14 13:25:22.418,82.5,81.2,86.7,84.9,86.1,82.8,72.4,69.7,69.5,841.5
2024/12/14 13:25:52.423,82.5,81.3,86.7,84.9,86.1,82.8,72.4,69.6,69.8,841.5
2024/12/14 13:26:22.419,82.5,81.3,86.6,84.9,86.1,82.8,72.3,69.4,70.1,841.5
2024/12/14 13:26:52.423,82.5,81.6,86.6,84.8,86.2,82.8,72.3,69.1,70.3,841.5
2024/12/14 13:27:22.417,82.6,81.6,86.5,84.8,86.3,82.7,72.3,69,70.4,841.5
2024/12/14 13:27:52.422,82.6,81.3,86.5,84.8,86.3,82.8,72.3,69.1,70.6,841.5
2024/12/14 13:28:23.019,82.5,81.2,86.5,84.7,86.1,82.7,72.2,69.2,71,841.5
2024/12/14 13:28:53.023,82.5,81.2,86.4,84.8,86.1,82.7,72.2,69,71.2,841.5
2024/12/14 13:29:23.023,82.5,81.3,86.3,84.9,86.1,82.6,72,69.1,71.5,841.5
2024/12/14 13:29:53.023,82.5,81.3,86.3,85,86.1,82.6,72.1,69.2,71.6,841.5
2024/12/14 13:30:23.024,82.6,81.4,86.3,84.9,86.3,82.6,72.1,69,71.7,841.5
2024/12/14 13:30:53.025,82.5,81.5,86.3,85,86.2,82.6,72.1,68.8,71.7,841.5
2024/12/14 13:31:23.623,82.6,81.6,86.2,85,86.4,82.5,72.2,68.5,71.9,841.5
2024/12/14 13:31:53.621,82.6,81.4,86.2,85,86.4,82.5,72.2,68.7,72,841.5
2024/12/14 13:32:23.618,82.5,81.2,86.4,84.9,86.3,82.5,72.1,68.8,72.2,841.5
2024/12/14 13:32:53.623,82.3,81.1,86.5,84.9,86.3,82.6,72,69.1,72.3,841.5
2024/12/14 13:33:23.623,82.2,81.1,86.6,85,86.2,82.7,72.1,69.3,72.5,841.5
2024/12/14 13:33:53.623,82.3,81.1,86.7,85,86.2,82.8,72.1,69.1,72.8,841.5
2024/12/14 13:34:24.224,82.4,81.1,86.8,85,86.3,82.8,72.1,69.2,72.6,841.5
2024/12/14 13:34:54.223,82.4,81.1,86.8,85,86.3,83,72.1,69.3,72.4,841.5
2024/12/14 13:35:24.223,82.5,81.1,86.8,85,86.3,82.9,72.1,69.5,72.3,841.5
2024/12/14 13:35:54.223,82.5,81.1,86.8,85.1,86.4,83,72.2,69.3,72.3,841.5
2024/12/14 13:36:24.224,82.5,81.1,86.9,85,86.4,83,72.2,69.5,72.1,841.5
2024/12/14 13:36:54.223,82.5,81.2,86.8,85,86.5,82.9,72.2,69.1,72,841.5
2024/12/14 13:37:24.823,82.6,81.3,86.8,85,86.5,82.9,72.2,69,72,841.5
2024/12/14 13:37:54.826,82.8,81.5,86.8,84.8,86.6,82.9,72.4,69.3,71.9,841.5
2024/12/14 13:38:24.823,83,81.9,87,85,87,83.1,72.6,70,72.1,841.5
2024/12/14 13:38:54.823,83.3,82.1,87,85,87.1,83.1,72.7,70.2,72.4,841.5
2024/12/14 13:39:24.823,83.4,82.3,87.1,84.8,87.4,83.2,72.7,70.1,72.5,841.5
2024/12/14 13:39:54.820,83.4,82.1,87.1,84.6,87.4,83.2,72.8,69.8,72.5,841.5
2024/12/14 13:40:25.422,83.3,82,87,84.6,87.3,83.1,72.8,69.2,72.6,841.5
2024/12/14 13:40:55.423,83.3,82,86.7,84.8,87.4,82.9,72.8,69,73,841.5
2024/12/14 13:41:25.423,83.3,82,86.8,84.8,87.3,83,72.8,69.2,73.3,841.5
2024/12/14 13:41:55.418,83.3,82,87,84.8,87.4,82.9,72.8,69.2,73.5,841.5
2024/12/14 13:42:26.223,83.3,81.9,86.9,85,87.3,82.9,72.8,69,73.7,841.5
2024/12/14 13:42:56.217,83.3,81.8,86.7,85,87.2,82.8,72.6,68.7,73.9,841.5
2024/12/14 13:43:26.823,83.1,81.6,86.6,85,87.1,82.7,72.5,68.5,74.1,841.5
2024/12/14 13:43:56.821,83.1,81.6,86.5,85,87,82.7,72.3,68.5,74.2,841.5
2024/12/14 13:44:26.818,83.1,81.8,86.6,85,87.1,82.8,72.4,68.8,74.3,841.5
2024/12/14 13:44:56.823,83.1,81.8,86.8,85.1,87.1,82.8,72.5,69.3,74.4,841.5
2024/12/14 13:45:26.823,83.1,81.6,86.8,85.2,87,82.9,72.6,69.3,74.6,841.5
2024/12/14 13:45:56.822,83.1,81.6,87,85.1,87.1,83,72.8,69.6,74.8,841.5
2024/12/14 13:46:27.424,83.2,81.9,87.3,85.3,87.3,83.2,72.8,70.3,75,841.5
2024/12/14 13:46:57.423,83.3,82.1,87.5,85.3,87.5,83.4,72.7,70.7,75.1,841.5
2024/12/14 13:47:27.417,83.4,82.3,87.6,85,87.6,83.5,72.5,70.6,75,841.5
2024/12/14 13:47:57.423,83.5,82.4,87.6,85,87.8,83.6,72.5,70.6,74.9,841.5
2024/12/14 13:48:27.418,83.4,82.1,87.4,84.9,87.8,83.6,72.7,70.3,74.7,841.5
2024/12/14 13:48:57.423,83.4,82.1,87.5,85.1,87.8,83.6,72.8,70.5,74.5,841.5
2024/12/14 13:49:28.017,83.5,82.3,87.5,85.2,87.9,83.7,72.7,70.6,74.7,841.5
2024/12/14 13:49:58.023,83.3,81.9,87.5,85.1,87.7,83.7,72.8,70.3,74.6,841.5
2024/12/14 13:50:28.620,83.1,81.7,87.5,85.2,87.4,83.7,72.8,70.1,74.3,841.5
2024/12/14 13:50:58.623,83.1,81.6,87.5,85.3,87.3,83.6,72.8,70.1,74,841.5
2024/12/14 13:51:29.217,83,81.6,87.4,85.4,87.1,83.5,72.9,70.1,73.9,841.5
2024/12/14 13:51:59.219,82.9,81.6,87.4,85.4,87.1,83.5,72.9,70.5,73.8,841.5
2024/12/14 13:52:29.818,82.9,81.6,87.3,85.4,87,83.5,73,70.3,74,841.5
2024/12/14 13:52:59.822,83,81.6,87.4,85.5,87,83.5,73,70.5,74.1,841.5
2024/12/14 13:53:29.817,83,81.8,87.5,85.4,87.1,83.5,73.1,70.5,74.5,841.5
2024/12/14 13:53:59.823,83.1,81.9,87.5,85.3,87.3,83.6,73.3,70.5,74.6,841.5
2024/12/14 13:54:29.824,83.2,81.9,87.5,85.4,87.3,83.6,73.3,70.1,74.6,841.5
2024/12/14 13:54:59.817,83.1,81.7,87.3,85.3,87.3,83.5,73.2,69.7,74.6,841.5
2024/12/14 13:55:30.623,83,81.6,87.3,85.2,87.3,83.5,73.1,69.6,74.5,841.5
2024/12/14 13:56:00.624,83,81.6,87.5,85.3,87.2,83.6,73.1,69.9,74.3,841.5
2024/12/14 13:56:30.623,83,81.7,87.6,85.4,87.3,83.7,73.2,70.5,74.5,841.5
2024/12/14 13:57:00.623,83,81.8,87.8,85.6,87.6,83.8,73.3,71,74.9,841.5
2024/12/14 13:57:31.223,83.3,82.2,88,85.8,87.8,84.1,73.1,71.3,75,841.5
2024/12/14 13:58:01.223,83.4,82.3,88.1,86,88,84.3,73.1,71.6,75.1,841.5
2024/12/14 13:58:31.819,83.4,82.5,88.3,86.1,88.1,84.5,73.1,72,75.4,841.5
2024/12/14 13:59:01.823,83.5,82.8,88.3,86.1,88.3,84.5,73.1,72.1,76,841.5
2024/12/14 13:59:31.823,83.8,83,88.4,86.3,88.3,84.6,73,72.5,76.4,841.5
2024/12/14 14:00:01.823,83.9,83.1,88.3,86.4,88.3,84.6,72.8,72.4,76.7,841.5
2024/12/14 14:00:31.822,84,83.1,88.3,86.4,88.5,84.6,72.7,72.5,77.2,841.5
2024/12/14 14:01:01.818,83.9,83,88.4,86.5,88.6,84.7,73,72.6,77.6,841.5
2024/12/14 14:01:32.623,83.8,83,88.4,86.5,88.6,84.7,73,72.7,78,841.5
2024/12/14 14:02:02.624,83.7,83.1,88.4,86.6,88.7,84.8,73.1,72.5,78.4,841.5
2024/12/14 14:02:32.623,83.6,83,88.4,86.6,88.8,84.8,73.2,72.6,78.7,841.5
2024/12/14 14:03:02.623,83.6,83,88.4,86.6,88.8,84.8,73.2,72.5,79.1,841.5
2024/12/14 14:03:32.623,83.4,82.6,88.5,86.7,88.7,84.8,73.1,72.7,79.2,841.5
2024/12/14 14:04:02.620,83.2,82.5,88.5,86.8,88.8,85,73.2,72.8,79.5,841.5
2024/12/14 14:04:33.623,83.4,82.8,88.5,86.9,88.8,85,73.1,72.8,79.5,841.5
2024/12/14 14:05:03.623,83.3,82.6,88.6,87,88.8,85,73.2,72.8,79.5,841.5
2024/12/14 14:05:33.619,83.1,82.3,88.6,87,88.8,85.1,73.3,72.8,79.6,841.5
2024/12/14 14:06:03.622,83,82.3,88.7,87,88.8,85.3,73.3,73,79.6,841.5
2024/12/14 14:06:33.623,82.8,82.1,88.7,87,88.9,85.3,73.5,72.8,79.7,841.5
2024/12/14 14:07:03.617,82.6,82.1,88.8,87.1,88.9,85.3,73.5,72.8,79.6,841.5
2024/12/14 14:07:34.218,82.7,82.1,88.8,87.1,88.9,85.3,73.6,72.8,79.5,841.5
2024/12/14 14:08:04.220,82.6,81.7,88.8,87.1,88.9,85.3,73.6,72.7,79.5,841.5
2024/12/14 14:08:34.220,82.4,81.5,88.8,87.1,88.8,85.4,73.7,72.8,79.5,841.5
2024/12/14 14:09:04.223,82.2,81.5,88.8,87,88.9,85.3,73.6,72.9,79.6,841.5
2024/12/14 14:09:34.217,82.5,82,88.8,87,88.9,85.3,73.6,72.9,79.8,841.5
2024/12/14 14:10:04.223,82.6,82,88.8,87.1,89,85.3,73.6,72.9,79.6,841.5
2024/12/14 14:10:34.818,82.7,82,88.8,87.1,89,85.3,73.7,73,79.4,841.5
2024/12/14 14:11:04.821,82.6,81.7,88.8,87.1,89,85.3,73.8,72.7,79.3,841.5
2024/12/14 14:11:34.831,82.6,81.8,88.7,87,88.8,85.3,73.8,72.2,79.5,841.5
2024/12/14 14:12:04.823,82.9,82,88.5,87,88.7,85,73.7,71.5,79.7,841.5
2024/12/14 14:12:34.821,83.1,82,88.2,86.8,88.5,84.8,73.6,70.9,79.6,841.5
2024/12/14 14:13:04.824,83.1,81.9,88,86.8,88.1,84.6,73.6,70.3,79.6,841.5
2024/12/14 14:13:35.417,83,81.8,87.6,86.6,88,84.4,73.4,70,79.6,841.5
2024/12/14 14:14:05.423,82.8,81.7,87.5,86.6,87.8,84.2,73.2,70,79.7,841.5
2024/12/14 14:14:35.423,82.9,81.8,87.5,86.5,87.6,84.1,73.3,70.2,79.7,841.5
2024/12/14 14:15:05.422,83,81.8,87.5,86.5,87.5,84,73.2,70.5,79.6,841.5
2024/12/14 14:15:35.423,83.1,82,87.7,86.6,87.5,84.1,73.3,70.6,79.2,841.5
2024/12/14 14:16:05.418,83.2,82,87.8,86.5,87.5,84.1,73.3,70.5,79.1,841.5
2024/12/14 14:16:36.017,83.1,81.6,87.8,86.5,87.5,84.1,73.2,70.5,79.1,841.5
2024/12/14 14:17:06.018,83,81.6,87.8,86.3,87.4,84.1,73.1,70.5,79.2,841.5
2024/12/14 14:17:36.023,82.9,81.6,87.9,86.3,87.4,84.2,73.2,70.3,79.3,841.5
2024/12/14 14:18:06.019,82.9,81.6,87.8,86.3,87.4,84.2,73.1,70.2,79.5,841.5
2024/12/14 14:18:36.022,82.9,81.6,88,86.3,87.5,84.1,73.2,70.4,79.4,841.5
2024/12/14 14:19:06.018,82.9,81.6,87.8,86.3,87.4,84.1,73.3,70.5,79.4,841.5
2024/12/14 14:19:36.824,82.6,81.5,87.6,86.3,87.4,84.1,73.3,70.5,79.6,841.5
2024/12/14 14:20:06.820,82.6,81.6,87.8,86.3,87.3,84.1,73.3,70.6,79.7,841.5
2024/12/14 14:20:36.818,82.7,81.6,87.8,86.4,87.3,84.1,73.3,70.6,79.7,841.5
2024/12/14 14:21:06.818,82.8,81.6,87.7,86.5,87.3,84.1,73.2,70.5,79.8,841.5
2024/12/14 14:21:36.823,82.9,81.8,87.8,86.5,87.3,84.1,73.2,70.5,79.6,841.5
2024/12/14 14:22:06.818,82.8,81.6,88,86.5,87.3,84.1,73.3,70.8,79.6,841.5
2024/12/14 14:22:37.623,82.8,81.6,88.1,86.5,87.2,84.2,73.4,71.2,79.6,841.5
2024/12/14 14:23:07.623,82.9,81.8,88.1,86.5,87.3,84.2,73.6,70.8,79.6,841.5
2024/12/14 14:23:37.618,83.1,82,88.1,86.4,87.4,84.2,73.5,70.3,79.6,841.5
2024/12/14 14:24:07.622,83.1,81.8,88.1,86.2,87.6,84.3,73.6,70.2,79.6,841.5
2024/12/14 14:24:37.622,83.1,81.8,88.2,86.1,87.5,84.3,73.6,70.6,79.4,841.5
2024/12/14 14:25:07.623,83.1,81.9,88.1,86.2,87.5,84.3,73.7,70.6,79.3,841.5
2024/12/14 14:25:38.223,83.2,81.9,88.1,86.2,87.5,84.3,73.6,70.5,79.5,841.5
2024/12/14 14:26:08.223,83.3,82,88.2,86.3,87.5,84.4,73.6,70.4,79.8,841.5
2024/12/14 14:26:38.217,83.3,81.9,88.2,86.3,87.5,84.4,73.5,70.3,79.9,841.5
2024/12/14 14:27:08.223,83.3,82,88.2,86.3,87.5,84.5,73.5,70.3,80.1,841.5
2024/12/14 14:27:38.222,83.3,81.9,88.3,86.3,87.5,84.5,73.5,70.1,80.1,841.5
2024/12/14 14:28:08.223,83.2,81.9,88.3,86.3,87.5,84.6,73.5,70.3,80.3,841.5
2024/12/14 14:28:38.823,83.1,82,88.3,86.4,87.5,84.6,73.4,70.5,80.6,841.5
2024/12/14 14:29:08.825,83.2,82,88.4,86.5,87.5,84.6,73.5,70.5,80.6,841.5
2024/12/14 14:29:38.818,83.3,82,88.3,86.5,87.6,84.6,73.5,70.3,80.8,841.5
2024/12/14 14:30:08.823,83.3,82,88.1,86.5,87.6,84.5,73.5,70,80.8,841.5
2024/12/14 14:30:38.818,83.2,81.9,88.1,86.5,87.6,84.5,73.3,70.1,80.9,841.5
2024/12/14 14:31:08.823,83,81.8,88.1,86.6,87.5,84.5,73.2,70.7,81,841.5
2024/12/14 14:31:39.418,83,81.8,88.1,86.6,87.5,84.5,73.3,70.8,81.1,841.5
2024/12/14 14:32:09.419,83,81.8,88.1,86.5,87.5,84.5,73.3,70.6,81.2,841.5
2024/12/14 14:32:39.417,83,82,88.3,86.6,87.5,84.5,73.3,70.8,81.3,841.5
2024/12/14 14:33:09.417,83,81.9,88.2,86.6,87.5,84.5,73.3,70.8,81.4,841.5
2024/12/14 14:33:39.419,83,82,88.2,86.6,87.5,84.5,73.5,71,81.5,841.5
2024/12/14 14:34:09.418,83.1,82.1,88.3,86.6,87.5,84.5,73.5,70.8,81.4,841.5
2024/12/14 14:34:40.018,83.1,82.1,88.3,86.5,87.6,84.6,73.3,70.8,81.2,841.5
2024/12/14 14:35:10.023,83.3,82.2,88.4,86.6,87.6,84.6,73.3,70.6,81.3,841.5
2024/12/14 14:35:40.021,83.4,82.3,88.3,86.5,87.7,84.6,73.3,70.4,81.2,841.5
2024/12/14 14:36:10.023,83.3,82.1,88.2,86.6,87.6,84.6,73.4,70.3,81.5,841.5
2024/12/14 14:36:40.022,83.3,82,88.1,86.6,87.6,84.5,73.4,70.2,81.6,841.5
2024/12/14 14:37:10.023,83.3,82,88.2,86.5,87.6,84.5,73.3,70.1,81.5,841.5
2024/12/14 14:37:40.619,83.1,81.9,88.3,86.5,87.6,84.6,73.3,70.5,81.3,841.5
2024/12/14 14:38:10.622,83,81.8,88.3,86.5,87.6,84.6,73.3,70.6,81.5,841.5
2024/12/14 14:38:40.623,82.9,81.7,88.1,86.5,87.6,84.5,73.2,70.5,81.6,841.5
2024/12/14 14:39:10.618,82.8,81.7,88,86.5,87.6,84.4,73.1,70.5,82,841.5
2024/12/14 14:39:40.623,82.8,81.7,87.9,86.6,87.5,84.3,73.1,70.7,82.1,841.5
2024/12/14 14:40:10.620,82.8,81.8,88.1,86.6,87.5,84.3,73.2,71.1,82,841.5
2024/12/14 14:40:41.217,83.1,82,88.2,86.6,87.5,84.3,73.3,71.1,82,841.5
2024/12/14 14:41:11.218,83.2,82.1,88.1,86.6,87.5,84.4,73.3,71,82,841.5
2024/12/14 14:41:41.223,83.1,81.9,88.2,86.6,87.5,84.3,73.1,70.9,82.1,841.5
2024/12/14 14:42:11.217,83.1,81.9,88.3,86.7,87.5,84.4,73.1,70.7,82.3,841.5
2024/12/14 14:42:41.223,83.3,82.1,88.4,86.7,87.5,84.5,73.1,70.6,82.4,841.5
2024/12/14 14:43:11.218,83.5,82.3,88.5,86.6,87.8,84.6,73.3,70.7,82.4,841.5
2024/12/14 14:43:42.021,83.5,82.2,88.6,86.6,87.8,84.7,73.6,70.8,82.1,841.5
2024/12/14 14:44:12.025,83.5,82.4,88.8,86.6,88,84.8,73.8,71.1,81.8,841.5
2024/12/14 14:44:42.017,83.6,82.3,88.8,86.5,88.1,85,74,71.5,81.6,841.5
2024/12/14 14:45:12.019,83.8,82.4,88.8,86.3,88.3,85,74.1,71.8,81.8,841.5
2024/12/14 14:45:42.023,83.9,82.5,89,86.5,88.5,85,74.3,72.3,82.1,841.5
2024/12/14 14:46:12.025,83.9,82.5,89,86.6,88.8,85.1,74.5,72.5,82.3,841.5
2024/12/14 14:46:42.624,84,82.6,89,86.6,88.8,85.1,74.5,72.2,82.3,841.5
2024/12/14 14:47:12.623,84.1,82.5,88.8,86.5,88.8,85.1,74.6,71.6,82.1,841.5
2024/12/14 14:47:42.617,84,82.3,88.8,86.5,88.6,85,74.6,71.7,82,841.5
2024/12/14 14:48:12.623,83.9,82.4,88.8,86.7,88.5,84.9,74.6,72,82,841.5
2024/12/14 14:48:42.625,84,82.5,88.9,86.8,88.5,85,74.6,72.1,81.8,841.5
2024/12/14 14:49:12.622,84,82.5,88.9,86.8,88.4,85,74.6,72.4,81.9,841.5
2024/12/14 14:49:43.223,84.1,82.6,89,86.7,88.4,85.1,74.7,72.2,82.1,841.5
2024/12/14 14:50:13.223,84.1,82.8,89.1,86.7,88.6,85.1,74.8,72.5,82.3,841.5
2024/12/14 14:50:43.218,84.3,83,89.2,86.8,88.8,85.3,74.8,72.7,82.6,841.5
2024/12/14 14:51:13.223,84.5,83.3,89.2,87,88.9,85.3,74.8,72.9,83.1,841.5
2024/12/14 14:51:43.219,84.4,83.3,89.2,86.9,89,85.3,74.8,72.9,83.6,841.5
2024/12/14 14:52:13.223,84.3,83,89.1,86.6,89.1,85.4,75,72.6,83.6,841.5
2024/12/14 14:52:43.820,84.3,82.9,89.1,86.5,89.2,85.4,75.1,72.6,83.6,841.5
2024/12/14 14:53:13.823,84.3,82.8,89.2,86.5,89.3,85.4,75.2,72.6,83.7,841.5
2024/12/14 14:53:43.821,84.3,82.8,89.3,86.4,89.2,85.5,75.2,72.5,83.6,841.5
2024/12/14 14:54:13.824,84.3,82.7,89.3,86.5,89.2,85.5,75.3,72.5,83.6,841.5
2024/12/14 14:54:43.822,84.2,82.7,89.3,86.6,89.3,85.6,75.4,72.7,83.5,841.5
2024/12/14 14:55:13.823,84.1,82.6,89.3,86.7,89.3,85.6,75.4,72.7,83.4,841.5
2024/12/14 14:55:44.427,84.1,82.5,89.4,86.6,89.3,85.6,75.4,72.7,83.3,841.5
2024/12/14 14:56:14.423,84.1,82.6,89.4,86.6,89.1,85.7,75.4,72.6,83.3,841.5
2024/12/14 14:56:44.423,84.1,82.6,89.3,86.6,89.1,85.7,75.4,72.1,83.1,841.5
2024/12/14 14:57:14.423,84.3,82.9,89.3,86.7,89.1,85.6,75.2,72,83,841.5
2024/12/14 14:57:44.423,84.4,82.9,89.4,86.9,89.2,85.7,75,72.3,83,841.5
2024/12/14 14:58:14.423,84.3,82.9,89.4,87,89.3,85.8,75,72.5,83.1,841.5
2024/12/14 14:58:45.017,84.3,82.5,89.4,87,89.1,85.7,75,72.5,82.9,841.5
2024/12/14 14:59:15.023,84.2,82.5,89.3,87,89,85.6,75,72.3,82.7,841.5
2024/12/14 14:59:45.023,84.2,82.6,89.4,87,89,85.6,75,72.1,82.5,841.5
2024/12/14 15:00:15.018,84.1,82.4,89.3,86.9,89,85.6,75,71.8,82.3,841.5
2024/12/14 15:00:45.018,84,82.4,89.3,86.8,88.9,85.6,75.1,71.9,82.1,841.5
2024/12/14 15:01:15.051,84.1,82.5,89.4,86.8,88.9,85.6,75.3,72.2,82.3,841.5
2024/12/14 15:01:57.423,84.3,82.6,89.4,87.1,88.8,85.5,75.3,72.3,82.6,841.5
2024/12/14 15:02:27.422,84.3,82.7,89.3,87.1,88.8,85.5,75.3,72.3,82.9,841.5
2024/12/14 15:02:57.423,84.4,82.7,89.3,87.2,88.6,85.4,75.3,72.3,83,841.5
2024/12/14 15:03:27.422,84.5,82.8,89.4,87.1,88.7,85.5,75.2,72.5,83,841.5
2024/12/14 15:04:36.424,84.5,82.8,89.4,87,88.8,85.3,75.1,73.2,84.1,841.5
2024/12/14 15:05:06.423,84.6,82.9,89.5,86.9,89.1,85.4,75.1,73,84.4,841.5
2024/12/14 15:06:52.017,84.6,82.8,89.5,86.8,89.2,85.5,75.5,72.3,83.8,841.5
2024/12/14 15:07:22.018,84.5,82.8,89.5,86.8,89.1,85.5,75.5,72.4,83.6,841.5
2024/12/14 15:07:52.619,84.5,82.8,89.6,86.8,89.1,85.6,75.5,72.5,83.5,841.5
2024/12/14 15:08:22.623,84.5,82.8,89.6,86.8,89.2,85.6,75.5,72.5,83.6,841.5
2024/12/14 15:08:53.225,84.5,82.8,89.5,86.7,89.2,85.7,75.4,72.5,83.5,841.5
2024/12/14 15:09:23.224,84.5,82.9,89.5,86.7,89.2,85.8,75.4,72.3,83.4,841.5
2024/12/14 15:09:53.826,84.5,82.8,89.6,86.8,89.3,85.9,75.4,72.7,83.5,841.5
2024/12/14 15:10:23.824,84.3,82.9,89.6,86.9,89.3,86,75.4,72.8,83.8,841.5
2024/12/14 15:10:53.824,84.5,82.8,89.6,86.8,89.3,86,75.4,72.5,83.6,841.5
2024/12/14 15:11:23.823,84.5,82.9,89.5,86.8,89.3,86,75.5,72.3,83.3,841.5
2024/12/14 15:11:53.823,84.6,82.9,89.6,86.9,89.3,86,75.5,72.1,83.2,841.5
2024/12/14 15:12:23.824,84.6,82.9,89.7,86.9,89.2,86,75.5,72.3,83.3,841.5
2024/12/14 15:12:54.417,84.6,82.8,89.6,86.9,89.2,86,75.5,72.3,83.3,841.5
2024/12/14 15:13:24.423,84.6,82.6,89.6,86.8,89.1,86,75.6,72.1,83.1,841.5
2024/12/14 15:13:54.417,84.5,82.6,89.7,86.8,89.1,86,75.6,72.1,83.2,841.5
2024/12/14 15:14:24.423,84.5,82.6,89.8,87,88.9,86,75.4,72.5,83.2,841.5
2024/12/14 15:14:54.423,84.5,82.7,89.7,87.1,88.8,85.9,75.4,72.5,83.2,841.5
2024/12/14 15:15:24.422,84.5,82.8,89.7,87.1,88.9,85.9,75.4,72.4,83.2,841.5
2024/12/14 15:15:55.023,84.5,82.8,89.6,87,89.1,86,75.6,72.5,83.3,841.5
2024/12/14 15:16:25.023,84.5,82.9,89.7,87,89,86,75.6,72.4,83.4,841.5
2024/12/14 15:16:55.023,84.5,83,89.6,86.9,89.1,85.9,75.6,72.3,83.3,841.5
2024/12/14 15:17:25.018,84.6,82.8,89.7,86.9,89.1,85.8,75.6,72.5,83.6,841.5
2024/12/14 15:17:55.023,84.5,83,89.7,87,89.1,85.8,75.6,72.5,84,841.5
2024/12/14 15:18:25.024,84.5,82.9,89.7,87.1,89,85.8,75.6,72.4,84,841.5
2024/12/14 15:18:55.621,84.6,83,89.6,87.2,89,85.8,75.5,72.2,83.9,841.5
2024/12/14 15:19:25.623,84.6,83.1,89.6,87.2,89,85.8,75.4,72,83.8,841.5
2024/12/14 15:19:55.623,84.5,82.8,89.6,87.2,88.8,85.8,75.3,72.3,83.8,841.5
2024/12/14 15:20:25.623,84.5,82.8,89.7,87.2,88.8,86,75.3,72.3,83.7,841.5
2024/12/14 15:20:55.622,84.5,82.8,89.6,87.2,88.8,85.9,75.3,71.9,83.5,841.5
2024/12/14 15:21:25.623,84.4,82.8,89.5,87.2,88.8,85.9,75.2,71.8,83.5,841.5
2024/12/14 15:21:56.223,84.3,82.7,89.5,87.2,88.6,85.8,75.1,71.8,83.6,841.5
2024/12/14 15:22:26.225,84.2,82.6,89.3,87.2,88.5,85.7,74.8,71.6,84,841.5
2024/12/14 15:22:56.220,84.2,82.6,89.1,87.3,88.3,85.5,74.6,71.3,84.5,841.5
2024/12/14 15:23:26.218,84.3,82.7,88.8,87.4,88.3,85.3,74.3,71.3,85,841.5
2024/12/14 15:23:56.219,84.1,82.7,88.8,87.4,88.2,85.1,74.3,71.3,85.3,841.5
2024/12/14 15:24:26.222,84.1,82.8,88.8,87.5,88.3,85.1,74.2,71.3,85.5,841.5
2024/12/14 15:24:56.818,84.3,82.8,89.1,87.5,88.4,85.1,74.3,71.2,85.5,841.5
2024/12/14 15:25:26.823,84.4,82.9,89.2,87.4,88.5,85.3,74.4,71.5,85.4,841.5
2024/12/14 15:25:56.820,84.5,83,89.2,87.5,88.7,85.3,74.6,71.7,85.3,841.5
2024/12/14 15:26:26.823,84.5,83,89.2,87.5,88.8,85.3,74.7,71.7,85.1,841.5
2024/12/14 15:26:56.818,84.6,83,89.1,87.5,88.8,85.3,74.8,72,85.3,841.5
2024/12/14 15:27:26.823,84.6,83,89.1,87.3,89,85.3,74.9,72.3,85.3,841.5
2024/12/14 15:27:57.416,84.6,83,89.2,87.5,89,85.4,75,72.3,85.2,841.5
2024/12/14 15:28:27.423,84.5,82.8,89.3,87.5,88.9,85.5,75,72.5,84.9,841.5
2024/12/14 15:28:57.417,84.5,82.9,89.4,87.5,88.8,85.5,75,72.6,84.7,841.5
2024/12/14 15:29:34.823,84.5,82.9,89.5,87.5,88.7,85.6,75.1,72.8,84.6,841.5
2024/12/14 15:30:10.824,84.5,82.9,89.5,87.5,88.8,85.6,75.1,72.4,84.5,841.5
2024/12/14 15:30:40.851,84.5,83,89.5,87.6,88.8,85.5,75,72.5,84.5,841.5
2024/12/14 15:31:11.423,84.5,83.1,89.5,87.5,88.9,85.5,75.1,72.1,84.5,841.5
2024/12/14 15:31:41.418,84.5,83.1,89.6,87.6,89.1,85.6,75.1,72.8,84.8,841.5
2024/12/14 15:32:11.423,84.5,82.9,89.6,87.5,89.3,85.6,75.2,72.7,85,841.5
2024/12/14 15:32:41.423,84.2,82.7,89.4,87.5,89,85.6,75.1,72.3,84.9,841.5
2024/12/14 15:33:11.423,83.8,82.2,89.3,87.5,88.7,85.5,75,71.9,85.1,841.5
2024/12/14 15:33:41.423,83.4,81.8,89,87.3,88.3,85.4,74.8,71.3,85.3,841.5
2024/12/14 15:34:12.023,82.9,81.1,88.8,87.1,88,85.1,74.6,71.3,85.3,841.5
